title,name,creator,price,type,year
30 min Drawings,Giant Frog,kristyglas,50,PHOTO,2020
Sexy Art,long legs,badsexy,10,PHOTO,2021
Dream World,A Guide in my Dreams,yoslehz,20,PHOTO,2020
Dream World,Silent Observer,yoslehz,20,GIF,2020
Dream World,Joy and Chaos,yoslehz,20,GIF,2020
Dream World,I found colors in my sky,yoslehz,20,PHOTO,2020
trippy_emmeline,Emmeline on LSD,solymi,64,GIF,2021
Tentacle Monster,Tentacle Monster,theia7,68,GIF,2021
Crypto Stamps,Hive Crypto Stamp,aleister,40,GIF,2021
DIGIT,MONAPIZZA,drew0,9.5,PHOTO,2020
suppose,PENELOPE,drew0,30,VIDEO,2021
DIGIT,Darkness,drew0,16,PHOTO,2021
suppose,Poor,drew0,15,PHOTO,2021
Psychedelic Art,Abducted ,medinesaan,50,PHOTO,2021
Digital drawings,Tame the inner furies,medinesaan,30,PHOTO,2020
glitch perfect,portrait of a lady III,solymi,32,GIF,2021
glitch perfect,portrait of a lady in pink,solymi,32,GIF,2021
Reborn,Disturbed,berlissanoja,17,PHOTO,2021
Rafael Michelena (NFTBOX),Crypto Daemons,difelice5000,11,PHOTO,2021
Rafael Michelena (NFTBOX),Rebel 2020,difelice5000,11,GIF,2021
Rafael Michelena (NFTBOX), surprised by the chaos,difelice5000,11,PHOTO,2020
Rafael Michelena (NFTBOX),resurface,difelice5000,11,PHOTO,2020
Avarice,Avarice,lizano,20,PHOTO,2021
WOMAN,"My body, My choice",orianabeam,25,PHOTO,2021
From the corners of my mind,A little bit of Mercy please,orianabeam,25,PHOTO,2020
CryptoArts,Angel Killer,xxxthorxxx,50,PHOTO,2021
CryptoArts,Dream of A Child,xxxthorxxx,50,PHOTO,2021
CryptoArts,Satan Lover,xxxthorxxx,50,PHOTO,2021
Drawings,Ancient MU,trayan,9,PHOTO,2013
Static Art ,1,tygertyger,111,PHOTO,2021
Simplicity,Grow,leslieebano,10,PHOTO,2020
CryptoArts,The Snail In the Rain,xxxthorxxx,30,PHOTO,2021
About Heraklion ,"Reality & Dream in front of Koules, Heraklion Crete",katerinaramm,80,PHOTO,2021
white owl,white owl,elenasteem,50,PHOTO,2020
Experiments,Influenced -physical print II,solymi,111,VIDEO,2021
Experiments,Influenced -physical print I,solymi,111,GIF,2021
CryptoArts,Cuts and Wounds,xxxthorxxx,20,PHOTO,2021
CryptoArts,Marilyn Monroe - The Zombie,xxxthorxxx,30,PHOTO,2021
CryptoArts,CryptoPunk,xxxthorxxx,30,PHOTO,2021
Toxic Mask Virginity,Karen's Sister Erin,thoughts-in-time,5,GIF,2021
Animations,Crypto Witch,medinesaan,80,VIDEO,2021
DeepDream,Lemuria Dream,trayan,9,PHOTO,2021
Ancient Vaporwave,Felurian,daragfx,50,PHOTO,2020
Experiments,Find the BLOCK,solymi,28,GIF,2021
glitch perfect,rechtex machine,solymi,28,GIF,2021
Ancient Vaporwave,Secret of The New Republic,daragfx,50,PHOTO,2020
Ancient Vaporwave,Lanfear,daragfx,50,PHOTO,2020
Logo Design,Logo Idea 1,julesquirin,5,VIDEO,2020
Art Of Jrej,Zombies at your Wedding!!!,jrej,11,PHOTO,2012
Shades Of Men,Gun Fu Corridor,jrej,4,PHOTO,2017
Art Of Jrej,A Dangerous World,jrej,11,PHOTO,2017
Art Of Jrej,A Cat and the Dark,jrej,11,PHOTO,2017
Art Of Jrej,All About Her,jrej,15,PHOTO,2018
Mobile Phone NFTs,The Mixing,lacking,15,PHOTO,2020
Psychedelic art,power of love,noahfromearth,7.7,PHOTO,2021
Midnight moments,Midnight Breath,ake-rg,120,PHOTO,2021
Photographic art,iced mind,noahfromearth,7.7,PHOTO,2021
Digital drawings,Moonlight,medinesaan,40,PHOTO,2020
Psychedelic art,essence,noahfromearth,4.9,PHOTO,2021
Glitch,"Halt doch mal still, Mann!",drhoofman,30,GIF,2021
InterDisciplinary HyperTraining Specials,Glitched Glue,ooakosimo,66,PHOTO,2018
Star Wars,Working AT-AT. ,juanmiguelsalas,50,PHOTO,2021
Woman,Devotion,juanmiguelsalas,80,PHOTO,2021
Italian Digital Art,Colors Of The World,alezambo,25,PHOTO,2020
Woman,Resting,juanmiguelsalas,45,PHOTO,2021
Crypto,Holy Bitcoin,juanmiguelsalas,40,PHOTO,2021
Strange fauna,Madam Kiki,juanmiguelsalas,60,PHOTO,2021
Woman,Dream,juanmiguelsalas,45,PHOTO,2021
Animal,Elephant,juanmiguelsalas,40,PHOTO,2021
Animal,Wolf Spirit,juanmiguelsalas,40,PHOTO,2021
Woman,In The Tub,juanmiguelsalas,40,PHOTO,2021
Digital Paint,Frogs Have Sex Too - 69,juanmiguelsalas,50,PHOTO,2021
Digital Paint,Bob,juanmiguelsalas,50,PHOTO,2021
Digital Paint,The Ball,juanmiguelsalas,30,PHOTO,2021
Digital Paint,The Rock,juanmiguelsalas,30,PHOTO,2021
Digital Paint,The Cat Harlequin of Venice,juanmiguelsalas,30,PHOTO,2021
Digital Paint,"Nature, The Real God",juanmiguelsalas,30,PHOTO,2021
Cyberpunk,We Are Legion!,juanmiguelsalas,30,VIDEO,2021
Italian Digital Art,Tutankhamon The Egyptian Pharaoh,alezambo,40,PHOTO,2021
"nothing is real, all is real",spider spider,solymi,58,VIDEO,2021
Decomposition,Decomposition 4 - Kid Playing,juanmiguelsalas,30,PHOTO,2020
Decomposition,Decomposition 6 - Selfie,juanmiguelsalas,30,PHOTO,2020
Decomposition,Decomposition 7 - The Kiss,juanmiguelsalas,30,PHOTO,2020
Crypto-Art,Hive On Mars,julesquirin,11,PHOTO,2020
Myths & Legends,An Axe,julesquirin,33,PHOTO,2020
Myths & Legends,Dunes,julesquirin,33,PHOTO,2020
Inner Thoughts,A Window,julesquirin,44,PHOTO,2020
beautiful and lovely ardea flowers.,beautiful and lovely ardea flowers.,yakubenko,10,PHOTO,2021
Car and Harvester,Car and Harvester,yakubenko,15,PHOTO,2021
artistic creativity,artistic creativity,yakubenko,10,PHOTO,2021
Abstract,Don't overthink,masakaano,110,PHOTO,2021
Mystery Animals,Bullfighting,yoslehz,40,PHOTO,2020
